,MAE,MSE,RMSE,R²
Random Forest,1.712087212965092,5.797520232963016,2.407804027109145,0.9088423746284215
Linear Regression,0.7497040910548856,1.9279610742049627,1.3885103795812845,0.9696855989679678
Gradient Boosting,0.7644515589709984,1.9172780676049084,1.3846581049504272,0.9698535738045113
LSTM,1.0445314656424929,4.143485518162712,2.035555334095026,0.9348508161749033
